tmean,j_day
-0,1
-0,2
-0,3
-0,4
-0,5
-0,6
-0,7
-0,8
-0,9
-0,10
-0,11
-0,12
-0,13
-0,14
-0,15
-0,16
-0,17
-0,18
-0,19
-0,20
-0,21
-0,22
-0,23
-0,24
-0,25
-0,26
-0,27
-0,28
-0,29
-0,30
-0,31
-0,32
-0,33
-0,34
-0,35
-0,36
-0,37
-0,38
-0,39
-0,40
-0,41
-0,42
-0,43
-0,44
-0,45
-0,46
-0,47
-0,48
-0,49
-0,50
-0,51
-0,52
-0,53
-0,54
-0,55
-0,56
-0,57
-0,58
-0,59
0.26,60
0.26,61
0.26,62
0.26,63
0.26,64
0.26,65
0.26,66
0.26,67
0.26,68
0.26,69
0.26,70
0.26,71
0.26,72
0.26,73
0.26,74
0.26,75
0.26,76
0.26,77
0.26,78
0.26,79
0.26,80
0.26,81
0.26,82
0.26,83
0.26,84
0.26,85
0.26,86
0.26,87
0.26,88
0.26,89
0.26,90
6.23,91
6.23,92
6.23,93
6.23,94
6.23,95
6.23,96
6.23,97
6.23,98
6.23,99
6.23,100
6.23,101
6.23,102
6.23,103
6.23,104
6.23,105
6.23,106
6.23,107
6.23,108
6.23,109
6.23,110
6.23,111
6.23,112
6.23,113
6.23,114
6.23,115
6.23,116
6.23,117
6.23,118
6.23,119
6.23,120
12.54,121
12.54,122
12.54,123
12.54,124
12.54,125
12.54,126
12.54,127
12.54,128
12.54,129
12.54,130
12.54,131
12.54,132
12.54,133
12.54,134
12.54,135
12.54,136
12.54,137
12.54,138
12.54,139
12.54,140
12.54,141
12.54,142
12.54,143
12.54,144
12.54,145
12.54,146
12.54,147
12.54,148
12.54,149
12.54,150
12.54,151
17.72,152
17.72,153
17.72,154
17.72,155
17.72,156
17.72,157
17.72,158
17.72,159
17.72,160
17.72,161
17.72,162
17.72,163
17.72,164
17.72,165
17.72,166
17.72,167
17.72,168
17.72,169
17.72,170
17.72,171
17.72,172
17.72,173
17.72,174
17.72,175
17.72,176
17.72,177
17.72,178
17.72,179
17.72,180
17.72,181
20.79,182
20.79,183
20.79,184
20.79,185
20.79,186
20.79,187
20.79,188
20.79,189
20.79,190
20.79,191
20.79,192
20.79,193
20.79,194
20.79,195
20.79,196
20.79,197
20.79,198
20.79,199
20.79,200
20.79,201
20.79,202
20.79,203
20.79,204
20.79,205
20.79,206
20.79,207
20.79,208
20.79,209
20.79,210
20.79,211
20.79,212
20.09,213
20.09,214
20.09,215
20.09,216
20.09,217
20.09,218
20.09,219
20.09,220
20.09,221
20.09,222
20.09,223
20.09,224
20.09,225
20.09,226
20.09,227
20.09,228
20.09,229
20.09,230
20.09,231
20.09,232
20.09,233
20.09,234
20.09,235
20.09,236
20.09,237
20.09,238
20.09,239
20.09,240
20.09,241
20.09,242
20.09,243
16.23,244
16.23,245
16.23,246
16.23,247
16.23,248
16.23,249
16.23,250
16.23,251
16.23,252
16.23,253
16.23,254
16.23,255
16.23,256
16.23,257
16.23,258
16.23,259
16.23,260
16.23,261
16.23,262
16.23,263
16.23,264
16.23,265
16.23,266
16.23,267
16.23,268
16.23,269
16.23,270
16.23,271
16.23,272
16.23,273
9.82,274
9.82,275
9.82,276
9.82,277
9.82,278
9.82,279
9.82,280
9.82,281
9.82,282
9.82,283
9.82,284
9.82,285
9.82,286
9.82,287
9.82,288
9.82,289
9.82,290
9.82,291
9.82,292
9.82,293
9.82,294
9.82,295
9.82,296
9.82,297
9.82,298
9.82,299
9.82,300
9.82,301
9.82,302
9.82,303
9.82,304
4.21,305
4.21,306
4.21,307
4.21,308
4.21,309
4.21,310
4.21,311
4.21,312
4.21,313
4.21,314
4.21,315
4.21,316
4.21,317
4.21,318
4.21,319
4.21,320
4.21,321
4.21,322
4.21,323
4.21,324
4.21,325
4.21,326
4.21,327
4.21,328
4.21,329
4.21,330
4.21,331
4.21,332
4.21,333
4.21,334
-0,335
-0,336
-0,337
-0,338
-0,339
-0,340
-0,341
-0,342
-0,343
-0,344
-0,345
-0,346
-0,347
-0,348
-0,349
-0,350
-0,351
-0,352
-0,353
-0,354
-0,355
-0,356
-0,357
-0,358
-0,359
-0,360
-0,361
-0,362
-0,363
-0,364
-0,365
-0,366
-0,367
-0,368
-0,369
-0,370
-0,371
-0,372
-0,373
-0,374
-0,375
-0,376
-0,377
-0,378
-0,379
-0,380
-0,381
-0,382
-0,383
-0,384
-0,385
-0,386
-0,387
-0,388
-0,389
-0,390
-0,391
-0,392
-0,393
-0,394
-0,395
-0,396
-0,397
-0,398
-0,399
-0,400
-0,401
-0,402
-0,403
-0,404
-0,405
-0,406
-0,407
-0,408
-0,409
-0,410
-0,411
-0,412
-0,413
-0,414
-0,415
-0,416
-0,417
-0,418
-0,419
-0,420
-0,421
-0,422
-0,423
-0,424
0.26,425
0.26,426
0.26,427
0.26,428
0.26,429
0.26,430
0.26,431
0.26,432
0.26,433
0.26,434
0.26,435
0.26,436
0.26,437
0.26,438
0.26,439
0.26,440
0.26,441
0.26,442
0.26,443
0.26,444
0.26,445
0.26,446
0.26,447
0.26,448
0.26,449
0.26,450
0.26,451
0.26,452
0.26,453
0.26,454
0.26,455
6.23,456
6.23,457
6.23,458
6.23,459
6.23,460
6.23,461
6.23,462
6.23,463
6.23,464
6.23,465
6.23,466
6.23,467
6.23,468
6.23,469
6.23,470
6.23,471
6.23,472
6.23,473
6.23,474
6.23,475
6.23,476
6.23,477
6.23,478
6.23,479
6.23,480
6.23,481
6.23,482
6.23,483
6.23,484
6.23,485
12.54,486
12.54,487
12.54,488
12.54,489
12.54,490
12.54,491
12.54,492
12.54,493
12.54,494
12.54,495
12.54,496
12.54,497
12.54,498
12.54,499
12.54,500
12.54,501
12.54,502
12.54,503
12.54,504
12.54,505
12.54,506
12.54,507
12.54,508
12.54,509
12.54,510
12.54,511
12.54,512
12.54,513
12.54,514
12.54,515
12.54,516
17.72,517
17.72,518
17.72,519
17.72,520
17.72,521
17.72,522
17.72,523
17.72,524
17.72,525
17.72,526
17.72,527
17.72,528
17.72,529
17.72,530
17.72,531
17.72,532
17.72,533
17.72,534
17.72,535
17.72,536
17.72,537
17.72,538
17.72,539
17.72,540
17.72,541
17.72,542
17.72,543
17.72,544
17.72,545
17.72,546
20.79,547
20.79,548
20.79,549
20.79,550
20.79,551
20.79,552
20.79,553
20.79,554
20.79,555
20.79,556
20.79,557
20.79,558
20.79,559
20.79,560
20.79,561
20.79,562
20.79,563
20.79,564
20.79,565
20.79,566
20.79,567
20.79,568
20.79,569
20.79,570
20.79,571
20.79,572
20.79,573
20.79,574
20.79,575
20.79,576
20.79,577
20.09,578
20.09,579
20.09,580
20.09,581
20.09,582
20.09,583
20.09,584
20.09,585
20.09,586
20.09,587
20.09,588
20.09,589
20.09,590
20.09,591
20.09,592
20.09,593
20.09,594
20.09,595
20.09,596
20.09,597
20.09,598
20.09,599
20.09,600
20.09,601
20.09,602
20.09,603
20.09,604
20.09,605
20.09,606
20.09,607
20.09,608
16.23,609
16.23,610
16.23,611
16.23,612
16.23,613
16.23,614
16.23,615
16.23,616
16.23,617
16.23,618
16.23,619
16.23,620
16.23,621
16.23,622
16.23,623
16.23,624
16.23,625
16.23,626
16.23,627
16.23,628
16.23,629
16.23,630
16.23,631
16.23,632
16.23,633
16.23,634
16.23,635
16.23,636
16.23,637
16.23,638
9.82,639
9.82,640
9.82,641
9.82,642
9.82,643
9.82,644
9.82,645
9.82,646
9.82,647
9.82,648
9.82,649
9.82,650
9.82,651
9.82,652
9.82,653
9.82,654
9.82,655
9.82,656
9.82,657
9.82,658
9.82,659
9.82,660
9.82,661
9.82,662
9.82,663
9.82,664
9.82,665
9.82,666
9.82,667
9.82,668
9.82,669
4.21,670
4.21,671
4.21,672
4.21,673
4.21,674
4.21,675
4.21,676
4.21,677
4.21,678
4.21,679
4.21,680
4.21,681
4.21,682
4.21,683
4.21,684
4.21,685
4.21,686
4.21,687
4.21,688
4.21,689
4.21,690
4.21,691
4.21,692
4.21,693
4.21,694
4.21,695
4.21,696
4.21,697
4.21,698
4.21,699
-0,700
-0,701
-0,702
-0,703
-0,704
-0,705
-0,706
-0,707
-0,708
-0,709
-0,710
-0,711
-0,712
-0,713
-0,714
-0,715
-0,716
-0,717
-0,718
-0,719
-0,720
-0,721
-0,722
-0,723
-0,724
-0,725
-0,726
-0,727
-0,728
-0,729
-0,730
-0,731
-0,732
-0,733
-0,734
-0,735
-0,736
-0,737
-0,738
-0,739
-0,740
-0,741
-0,742
-0,743
-0,744
-0,745
-0,746
-0,747
-0,748
-0,749
-0,750
-0,751
-0,752
-0,753
-0,754
-0,755
-0,756
-0,757
-0,758
-0,759
-0,760
-0,761
-0,762
-0,763
-0,764
-0,765
-0,766
-0,767
-0,768
-0,769
-0,770
-0,771
-0,772
-0,773
-0,774
-0,775
-0,776
-0,777
-0,778
-0,779
-0,780
-0,781
-0,782
-0,783
-0,784
-0,785
-0,786
-0,787
-0,788
-0,789
0.26,790
0.26,791
0.26,792
0.26,793
0.26,794
0.26,795
0.26,796
0.26,797
0.26,798
0.26,799
0.26,800
0.26,801
0.26,802
0.26,803
0.26,804
0.26,805
0.26,806
0.26,807
0.26,808
0.26,809
0.26,810
0.26,811
0.26,812
0.26,813
0.26,814
0.26,815
0.26,816
0.26,817
0.26,818
0.26,819
0.26,820
6.23,821
6.23,822
6.23,823
6.23,824
6.23,825
6.23,826
6.23,827
6.23,828
6.23,829
6.23,830
6.23,831
6.23,832
6.23,833
6.23,834
6.23,835
6.23,836
6.23,837
6.23,838
6.23,839
6.23,840
6.23,841
6.23,842
6.23,843
6.23,844
6.23,845
6.23,846
6.23,847
6.23,848
6.23,849
6.23,850
12.54,851
12.54,852
12.54,853
12.54,854
12.54,855
12.54,856
12.54,857
12.54,858
12.54,859
12.54,860
12.54,861
12.54,862
12.54,863
12.54,864
12.54,865
12.54,866
12.54,867
12.54,868
12.54,869
12.54,870
12.54,871
12.54,872
12.54,873
12.54,874
12.54,875
12.54,876
12.54,877
12.54,878
12.54,879
12.54,880
12.54,881
17.72,882
17.72,883
17.72,884
17.72,885
17.72,886
17.72,887
17.72,888
17.72,889
17.72,890
17.72,891
17.72,892
17.72,893
17.72,894
17.72,895
17.72,896
17.72,897
17.72,898
17.72,899
17.72,900
17.72,901
17.72,902
17.72,903
17.72,904
17.72,905
17.72,906
17.72,907
17.72,908
17.72,909
17.72,910
17.72,911
20.79,912
20.79,913
20.79,914
20.79,915
20.79,916
20.79,917
20.79,918
20.79,919
20.79,920
20.79,921
20.79,922
20.79,923
20.79,924
20.79,925
20.79,926
20.79,927
20.79,928
20.79,929
20.79,930
20.79,931
20.79,932
20.79,933
20.79,934
20.79,935
20.79,936
20.79,937
20.79,938
20.79,939
20.79,940
20.79,941
20.79,942
20.09,943
20.09,944
20.09,945
20.09,946
20.09,947
20.09,948
20.09,949
20.09,950
20.09,951
20.09,952
20.09,953
20.09,954
20.09,955
20.09,956
20.09,957
20.09,958
20.09,959
20.09,960
20.09,961
20.09,962
20.09,963
20.09,964
20.09,965
20.09,966
20.09,967
20.09,968
20.09,969
20.09,970
20.09,971
20.09,972
20.09,973
16.23,974
16.23,975
16.23,976
16.23,977
16.23,978
16.23,979
16.23,980
16.23,981
16.23,982
16.23,983
16.23,984
16.23,985
16.23,986
16.23,987
16.23,988
16.23,989
16.23,990
16.23,991
16.23,992
16.23,993
16.23,994
16.23,995
16.23,996
16.23,997
16.23,998
16.23,999
16.23,1000
16.23,1001
16.23,1002
16.23,1003
9.82,1004
9.82,1005
9.82,1006
9.82,1007
9.82,1008
9.82,1009
9.82,1010
9.82,1011
9.82,1012
9.82,1013
9.82,1014
9.82,1015
9.82,1016
9.82,1017
9.82,1018
9.82,1019
9.82,1020
9.82,1021
9.82,1022
9.82,1023
9.82,1024
9.82,1025
9.82,1026
9.82,1027
9.82,1028
9.82,1029
9.82,1030
9.82,1031
9.82,1032
9.82,1033
9.82,1034
4.21,1035
4.21,1036
4.21,1037
4.21,1038
4.21,1039
4.21,1040
4.21,1041
4.21,1042
4.21,1043
4.21,1044
4.21,1045
4.21,1046
4.21,1047
4.21,1048
4.21,1049
4.21,1050
4.21,1051
4.21,1052
4.21,1053
4.21,1054
4.21,1055
4.21,1056
4.21,1057
4.21,1058
4.21,1059
4.21,1060
4.21,1061
4.21,1062
4.21,1063
4.21,1064
-0,1065
-0,1066
-0,1067
-0,1068
-0,1069
-0,1070
-0,1071
-0,1072
-0,1073
-0,1074
-0,1075
-0,1076
-0,1077
-0,1078
-0,1079
-0,1080
-0,1081
-0,1082
-0,1083
-0,1084
-0,1085
-0,1086
-0,1087
-0,1088
-0,1089
-0,1090
-0,1091
-0,1092
-0,1093
-0,1094
-0,1095
-0,1096
-0,1097
-0,1098
-0,1099
-0,1100
-0,1101
-0,1102
-0,1103
-0,1104
-0,1105
-0,1106
-0,1107
-0,1108
-0,1109
-0,1110
-0,1111
-0,1112
-0,1113
-0,1114
-0,1115
-0,1116
-0,1117
-0,1118
-0,1119
-0,1120
-0,1121
-0,1122
-0,1123
-0,1124
-0,1125
-0,1126
-0,1127
-0,1128
-0,1129
-0,1130
-0,1131
-0,1132
-0,1133
-0,1134
-0,1135
-0,1136
-0,1137
-0,1138
-0,1139
-0,1140
-0,1141
-0,1142
-0,1143
-0,1144
-0,1145
-0,1146
-0,1147
-0,1148
-0,1149
-0,1150
-0,1151
-0,1152
-0,1153
-0,1154
0.26,1155
0.26,1156
0.26,1157
0.26,1158
0.26,1159
0.26,1160
0.26,1161
0.26,1162
0.26,1163
0.26,1164
0.26,1165
0.26,1166
0.26,1167
0.26,1168
0.26,1169
0.26,1170
0.26,1171
0.26,1172
0.26,1173
0.26,1174
0.26,1175
0.26,1176
0.26,1177
0.26,1178
0.26,1179
0.26,1180
0.26,1181
0.26,1182
0.26,1183
0.26,1184
0.26,1185
6.23,1186
6.23,1187
6.23,1188
6.23,1189
6.23,1190
6.23,1191
6.23,1192
6.23,1193
6.23,1194
6.23,1195
6.23,1196
6.23,1197
6.23,1198
6.23,1199
6.23,1200
6.23,1201
6.23,1202
6.23,1203
6.23,1204
6.23,1205
6.23,1206
6.23,1207
6.23,1208
6.23,1209
6.23,1210
6.23,1211
6.23,1212
6.23,1213
6.23,1214
6.23,1215
12.54,1216
12.54,1217
12.54,1218
12.54,1219
12.54,1220
12.54,1221
12.54,1222
12.54,1223
12.54,1224
12.54,1225
12.54,1226
12.54,1227
12.54,1228
12.54,1229
12.54,1230
12.54,1231
12.54,1232
12.54,1233
12.54,1234
12.54,1235
12.54,1236
12.54,1237
12.54,1238
12.54,1239
12.54,1240
12.54,1241
12.54,1242
12.54,1243
12.54,1244
12.54,1245
12.54,1246
17.72,1247
17.72,1248
17.72,1249
17.72,1250
17.72,1251
17.72,1252
17.72,1253
17.72,1254
17.72,1255
17.72,1256
17.72,1257
17.72,1258
17.72,1259
17.72,1260
17.72,1261
17.72,1262
17.72,1263
17.72,1264
17.72,1265
17.72,1266
17.72,1267
17.72,1268
17.72,1269
17.72,1270
17.72,1271
17.72,1272
17.72,1273
17.72,1274
17.72,1275
17.72,1276
20.79,1277
20.79,1278
20.79,1279
20.79,1280
20.79,1281
20.79,1282
20.79,1283
20.79,1284
20.79,1285
20.79,1286
20.79,1287
20.79,1288
20.79,1289
20.79,1290
20.79,1291
20.79,1292
20.79,1293
20.79,1294
20.79,1295
20.79,1296
20.79,1297
20.79,1298
20.79,1299
20.79,1300
20.79,1301
20.79,1302
20.79,1303
20.79,1304
20.79,1305
20.79,1306
20.79,1307
20.09,1308
20.09,1309
20.09,1310
20.09,1311
20.09,1312
20.09,1313
20.09,1314
20.09,1315
20.09,1316
20.09,1317
20.09,1318
20.09,1319
20.09,1320
20.09,1321
20.09,1322
20.09,1323
20.09,1324
20.09,1325
20.09,1326
20.09,1327
20.09,1328
20.09,1329
20.09,1330
20.09,1331
20.09,1332
20.09,1333
20.09,1334
20.09,1335
20.09,1336
20.09,1337
20.09,1338
16.23,1339
16.23,1340
16.23,1341
16.23,1342
16.23,1343
16.23,1344
16.23,1345
16.23,1346
16.23,1347
16.23,1348
16.23,1349
16.23,1350
16.23,1351
16.23,1352
16.23,1353
16.23,1354
16.23,1355
16.23,1356
16.23,1357
16.23,1358
16.23,1359
16.23,1360
16.23,1361
16.23,1362
16.23,1363
16.23,1364
16.23,1365
16.23,1366
16.23,1367
16.23,1368
9.82,1369
9.82,1370
9.82,1371
9.82,1372
9.82,1373
9.82,1374
9.82,1375
9.82,1376
9.82,1377
9.82,1378
9.82,1379
9.82,1380
9.82,1381
9.82,1382
9.82,1383
9.82,1384
9.82,1385
9.82,1386
9.82,1387
9.82,1388
9.82,1389
9.82,1390
9.82,1391
9.82,1392
9.82,1393
9.82,1394
9.82,1395
9.82,1396
9.82,1397
9.82,1398
9.82,1399
4.21,1400
4.21,1401
4.21,1402
4.21,1403
4.21,1404
4.21,1405
4.21,1406
4.21,1407
4.21,1408
4.21,1409
4.21,1410
4.21,1411
4.21,1412
4.21,1413
4.21,1414
4.21,1415
4.21,1416
4.21,1417
4.21,1418
4.21,1419
4.21,1420
4.21,1421
4.21,1422
4.21,1423
4.21,1424
4.21,1425
4.21,1426
4.21,1427
4.21,1428
4.21,1429
-0,1430
-0,1431
-0,1432
-0,1433
-0,1434
-0,1435
-0,1436
-0,1437
-0,1438
-0,1439
-0,1440
-0,1441
-0,1442
-0,1443
-0,1444
-0,1445
-0,1446
-0,1447
-0,1448
-0,1449
-0,1450
-0,1451
-0,1452
-0,1453
-0,1454
-0,1455
-0,1456
-0,1457
-0,1458
-0,1459
-0,1460
-0,1461
-0,1462
-0,1463
-0,1464
-0,1465
-0,1466
-0,1467
-0,1468
-0,1469
-0,1470
-0,1471
-0,1472
-0,1473
-0,1474
-0,1475
-0,1476
-0,1477
-0,1478
-0,1479
-0,1480
-0,1481
-0,1482
-0,1483
-0,1484
-0,1485
-0,1486
-0,1487
-0,1488
-0,1489
-0,1490
-0,1491
-0,1492
-0,1493
-0,1494
-0,1495
-0,1496
-0,1497
-0,1498
-0,1499
-0,1500
-0,1501
-0,1502
-0,1503
-0,1504
-0,1505
-0,1506
-0,1507
-0,1508
-0,1509
-0,1510
-0,1511
-0,1512
-0,1513
-0,1514
-0,1515
-0,1516
-0,1517
-0,1518
-0,1519
0.26,1520
0.26,1521
0.26,1522
0.26,1523
0.26,1524
0.26,1525
0.26,1526
0.26,1527
0.26,1528
0.26,1529
0.26,1530
0.26,1531
0.26,1532
0.26,1533
0.26,1534
0.26,1535
0.26,1536
0.26,1537
0.26,1538
0.26,1539
0.26,1540
0.26,1541
0.26,1542
0.26,1543
0.26,1544
0.26,1545
0.26,1546
0.26,1547
0.26,1548
0.26,1549
0.26,1550
6.23,1551
6.23,1552
6.23,1553
6.23,1554
6.23,1555
6.23,1556
6.23,1557
6.23,1558
6.23,1559
6.23,1560
6.23,1561
6.23,1562
6.23,1563
6.23,1564
6.23,1565
6.23,1566
6.23,1567
6.23,1568
6.23,1569
6.23,1570
6.23,1571
6.23,1572
6.23,1573
6.23,1574
6.23,1575
6.23,1576
6.23,1577
6.23,1578
6.23,1579
6.23,1580
12.54,1581
12.54,1582
12.54,1583
12.54,1584
12.54,1585
12.54,1586
12.54,1587
12.54,1588
12.54,1589
12.54,1590
12.54,1591
12.54,1592
12.54,1593
12.54,1594
12.54,1595
12.54,1596
12.54,1597
12.54,1598
12.54,1599
12.54,1600
12.54,1601
12.54,1602
12.54,1603
12.54,1604
12.54,1605
12.54,1606
12.54,1607
12.54,1608
12.54,1609
12.54,1610
12.54,1611
17.72,1612
17.72,1613
17.72,1614
17.72,1615
17.72,1616
17.72,1617
17.72,1618
17.72,1619
17.72,1620
17.72,1621
17.72,1622
17.72,1623
17.72,1624
17.72,1625
17.72,1626
17.72,1627
17.72,1628
17.72,1629
17.72,1630
17.72,1631
17.72,1632
17.72,1633
17.72,1634
17.72,1635
17.72,1636
17.72,1637
17.72,1638
17.72,1639
17.72,1640
17.72,1641
20.79,1642
20.79,1643
20.79,1644
20.79,1645
20.79,1646
20.79,1647
20.79,1648
20.79,1649
20.79,1650
20.79,1651
20.79,1652
20.79,1653
20.79,1654
20.79,1655
20.79,1656
20.79,1657
20.79,1658
20.79,1659
20.79,1660
20.79,1661
20.79,1662
20.79,1663
20.79,1664
20.79,1665
20.79,1666
20.79,1667
20.79,1668
20.79,1669
20.79,1670
20.79,1671
20.79,1672
20.09,1673
20.09,1674
20.09,1675
20.09,1676
20.09,1677
20.09,1678
20.09,1679
20.09,1680
20.09,1681
20.09,1682
20.09,1683
20.09,1684
20.09,1685
20.09,1686
20.09,1687
20.09,1688
20.09,1689
20.09,1690
20.09,1691
20.09,1692
20.09,1693
20.09,1694
20.09,1695
20.09,1696
20.09,1697
20.09,1698
20.09,1699
20.09,1700
20.09,1701
20.09,1702
20.09,1703
16.23,1704
16.23,1705
16.23,1706
16.23,1707
16.23,1708
16.23,1709
16.23,1710
16.23,1711
16.23,1712
16.23,1713
16.23,1714
16.23,1715
16.23,1716
16.23,1717
16.23,1718
16.23,1719
16.23,1720
16.23,1721
16.23,1722
16.23,1723
16.23,1724
16.23,1725
16.23,1726
16.23,1727
16.23,1728
16.23,1729
16.23,1730
16.23,1731
16.23,1732
16.23,1733
9.82,1734
9.82,1735
9.82,1736
9.82,1737
9.82,1738
9.82,1739
9.82,1740
9.82,1741
9.82,1742
9.82,1743
9.82,1744
9.82,1745
9.82,1746
9.82,1747
9.82,1748
9.82,1749
9.82,1750
9.82,1751
9.82,1752
9.82,1753
9.82,1754
9.82,1755
9.82,1756
9.82,1757
9.82,1758
9.82,1759
9.82,1760
9.82,1761
9.82,1762
9.82,1763
9.82,1764
4.21,1765
4.21,1766
4.21,1767
4.21,1768
4.21,1769
4.21,1770
4.21,1771
4.21,1772
4.21,1773
4.21,1774
4.21,1775
4.21,1776
4.21,1777
4.21,1778
4.21,1779
4.21,1780
4.21,1781
4.21,1782
4.21,1783
4.21,1784
4.21,1785
4.21,1786
4.21,1787
4.21,1788
4.21,1789
4.21,1790
4.21,1791
4.21,1792
4.21,1793
4.21,1794
-0,1795
-0,1796
-0,1797
-0,1798
-0,1799
-0,1800
-0,1801
-0,1802
-0,1803
-0,1804
-0,1805
-0,1806
-0,1807
-0,1808
-0,1809
-0,1810
-0,1811
-0,1812
-0,1813
-0,1814
-0,1815
-0,1816
-0,1817
-0,1818
-0,1819
-0,1820
-0,1821
-0,1822
-0,1823
-0,1824
-0,1825
-0,1826
-0,1827
-0,1828
-0,1829
-0,1830
-0,1831
-0,1832
-0,1833
-0,1834
-0,1835
-0,1836
-0,1837
-0,1838
-0,1839
-0,1840
-0,1841
-0,1842
-0,1843
-0,1844
-0,1845
-0,1846
-0,1847
-0,1848
-0,1849
-0,1850
-0,1851
-0,1852
-0,1853
-0,1854
-0,1855
-0,1856
-0,1857
-0,1858
-0,1859
-0,1860
-0,1861
-0,1862
-0,1863
-0,1864
-0,1865
-0,1866
-0,1867
-0,1868
-0,1869
-0,1870
-0,1871
-0,1872
-0,1873
-0,1874
-0,1875
-0,1876
-0,1877
-0,1878
-0,1879
-0,1880
-0,1881
-0,1882
-0,1883
-0,1884
0.26,1885
0.26,1886
0.26,1887
0.26,1888
0.26,1889
0.26,1890
0.26,1891
0.26,1892
0.26,1893
0.26,1894
0.26,1895
0.26,1896
0.26,1897
0.26,1898
0.26,1899
0.26,1900
0.26,1901
0.26,1902
0.26,1903
0.26,1904
0.26,1905
0.26,1906
0.26,1907
0.26,1908
0.26,1909
0.26,1910
0.26,1911
0.26,1912
0.26,1913
0.26,1914
0.26,1915
6.23,1916
6.23,1917
6.23,1918
6.23,1919
6.23,1920
6.23,1921
6.23,1922
6.23,1923
6.23,1924
6.23,1925
6.23,1926
6.23,1927
6.23,1928
6.23,1929
6.23,1930
6.23,1931
6.23,1932
6.23,1933
6.23,1934
6.23,1935
6.23,1936
6.23,1937
6.23,1938
6.23,1939
6.23,1940
6.23,1941
6.23,1942
6.23,1943
6.23,1944
6.23,1945
12.54,1946
12.54,1947
12.54,1948
12.54,1949
12.54,1950
12.54,1951
12.54,1952
12.54,1953
12.54,1954
12.54,1955
12.54,1956
12.54,1957
12.54,1958
12.54,1959
12.54,1960
12.54,1961
12.54,1962
12.54,1963
12.54,1964
12.54,1965
12.54,1966
12.54,1967
12.54,1968
12.54,1969
12.54,1970
12.54,1971
12.54,1972
12.54,1973
12.54,1974
12.54,1975
12.54,1976
17.72,1977
17.72,1978
17.72,1979
17.72,1980
17.72,1981
17.72,1982
17.72,1983
17.72,1984
17.72,1985
17.72,1986
17.72,1987
17.72,1988
17.72,1989
17.72,1990
17.72,1991
17.72,1992
17.72,1993
17.72,1994
17.72,1995
17.72,1996
17.72,1997
17.72,1998
17.72,1999
17.72,2000
17.72,2001
17.72,2002
17.72,2003
17.72,2004
17.72,2005
17.72,2006
20.79,2007
20.79,2008
20.79,2009
20.79,2010
20.79,2011
20.79,2012
20.79,2013
20.79,2014
20.79,2015
20.79,2016
20.79,2017
20.79,2018
20.79,2019
20.79,2020
20.79,2021
20.79,2022
20.79,2023
20.79,2024
20.79,2025
20.79,2026
20.79,2027
20.79,2028
20.79,2029
20.79,2030
20.79,2031
20.79,2032
20.79,2033
20.79,2034
20.79,2035
20.79,2036
20.79,2037
20.09,2038
20.09,2039
20.09,2040
20.09,2041
20.09,2042
20.09,2043
20.09,2044
20.09,2045
20.09,2046
20.09,2047
20.09,2048
20.09,2049
20.09,2050
20.09,2051
20.09,2052
20.09,2053
20.09,2054
20.09,2055
20.09,2056
20.09,2057
20.09,2058
20.09,2059
20.09,2060
20.09,2061
20.09,2062
20.09,2063
20.09,2064
20.09,2065
20.09,2066
20.09,2067
20.09,2068
16.23,2069
16.23,2070
16.23,2071
16.23,2072
16.23,2073
16.23,2074
16.23,2075
16.23,2076
16.23,2077
16.23,2078
16.23,2079
16.23,2080
16.23,2081
16.23,2082
16.23,2083
16.23,2084
16.23,2085
16.23,2086
16.23,2087
16.23,2088
16.23,2089
16.23,2090
16.23,2091
16.23,2092
16.23,2093
16.23,2094
16.23,2095
16.23,2096
16.23,2097
16.23,2098
9.82,2099
9.82,2100
9.82,2101
9.82,2102
9.82,2103
9.82,2104
9.82,2105
9.82,2106
9.82,2107
9.82,2108
9.82,2109
9.82,2110
9.82,2111
9.82,2112
9.82,2113
9.82,2114
9.82,2115
9.82,2116
9.82,2117
9.82,2118
9.82,2119
9.82,2120
9.82,2121
9.82,2122
9.82,2123
9.82,2124
9.82,2125
9.82,2126
9.82,2127
9.82,2128
9.82,2129
4.21,2130
4.21,2131
4.21,2132
4.21,2133
4.21,2134
4.21,2135
4.21,2136
4.21,2137
4.21,2138
4.21,2139
4.21,2140
4.21,2141
4.21,2142
4.21,2143
4.21,2144
4.21,2145
4.21,2146
4.21,2147
4.21,2148
4.21,2149
4.21,2150
4.21,2151
4.21,2152
4.21,2153
4.21,2154
4.21,2155
4.21,2156
4.21,2157
4.21,2158
4.21,2159
-0,2160
-0,2161
-0,2162
-0,2163
-0,2164
-0,2165
-0,2166
-0,2167
-0,2168
-0,2169
-0,2170
-0,2171
-0,2172
-0,2173
-0,2174
-0,2175
-0,2176
-0,2177
-0,2178
-0,2179
-0,2180
-0,2181
-0,2182
-0,2183
-0,2184
-0,2185
-0,2186
-0,2187
-0,2188
-0,2189
-0,2190
-0,2191
-0,2192
-0,2193
-0,2194
-0,2195
-0,2196
-0,2197
-0,2198
-0,2199
-0,2200
-0,2201
-0,2202
-0,2203
-0,2204
-0,2205
-0,2206
-0,2207
-0,2208
-0,2209
-0,2210
-0,2211
-0,2212
-0,2213
-0,2214
-0,2215
-0,2216
-0,2217
-0,2218
-0,2219
-0,2220
-0,2221
-0,2222
-0,2223
-0,2224
-0,2225
-0,2226
-0,2227
-0,2228
-0,2229
-0,2230
-0,2231
-0,2232
-0,2233
-0,2234
-0,2235
-0,2236
-0,2237
-0,2238
-0,2239
-0,2240
-0,2241
-0,2242
-0,2243
-0,2244
-0,2245
-0,2246
-0,2247
-0,2248
-0,2249
0.26,2250
0.26,2251
0.26,2252
0.26,2253
0.26,2254
0.26,2255
0.26,2256
0.26,2257
0.26,2258
0.26,2259
0.26,2260
0.26,2261
0.26,2262
0.26,2263
0.26,2264
0.26,2265
0.26,2266
0.26,2267
0.26,2268
0.26,2269
0.26,2270
0.26,2271
0.26,2272
0.26,2273
0.26,2274
0.26,2275
0.26,2276
0.26,2277
0.26,2278
0.26,2279
0.26,2280
6.23,2281
6.23,2282
6.23,2283
6.23,2284
6.23,2285
6.23,2286
6.23,2287
6.23,2288
6.23,2289
6.23,2290
6.23,2291
6.23,2292
6.23,2293
6.23,2294
6.23,2295
6.23,2296
6.23,2297
6.23,2298
6.23,2299
6.23,2300
6.23,2301
6.23,2302
6.23,2303
6.23,2304
6.23,2305
6.23,2306
6.23,2307
6.23,2308
6.23,2309
6.23,2310
12.54,2311
12.54,2312
12.54,2313
12.54,2314
12.54,2315
12.54,2316
12.54,2317
12.54,2318
12.54,2319
12.54,2320
12.54,2321
12.54,2322
12.54,2323
12.54,2324
12.54,2325
12.54,2326
12.54,2327
12.54,2328
12.54,2329
12.54,2330
12.54,2331
12.54,2332
12.54,2333
12.54,2334
12.54,2335
12.54,2336
12.54,2337
12.54,2338
12.54,2339
12.54,2340
12.54,2341
17.72,2342
17.72,2343
17.72,2344
17.72,2345
17.72,2346
17.72,2347
17.72,2348
17.72,2349
17.72,2350
17.72,2351
17.72,2352
17.72,2353
17.72,2354
17.72,2355
17.72,2356
17.72,2357
17.72,2358
17.72,2359
17.72,2360
17.72,2361
17.72,2362
17.72,2363
17.72,2364
17.72,2365
17.72,2366
17.72,2367
17.72,2368
17.72,2369
17.72,2370
17.72,2371
20.79,2372
20.79,2373
20.79,2374
20.79,2375
20.79,2376
20.79,2377
20.79,2378
20.79,2379
20.79,2380
20.79,2381
20.79,2382
20.79,2383
20.79,2384
20.79,2385
20.79,2386
20.79,2387
20.79,2388
20.79,2389
20.79,2390
20.79,2391
20.79,2392
20.79,2393
20.79,2394
20.79,2395
20.79,2396
20.79,2397
20.79,2398
20.79,2399
20.79,2400
20.79,2401
20.79,2402
20.09,2403
20.09,2404
20.09,2405
20.09,2406
20.09,2407
20.09,2408
20.09,2409
20.09,2410
20.09,2411
20.09,2412
20.09,2413
20.09,2414
20.09,2415
20.09,2416
20.09,2417
20.09,2418
20.09,2419
20.09,2420
20.09,2421
20.09,2422
20.09,2423
20.09,2424
20.09,2425
20.09,2426
20.09,2427
20.09,2428
20.09,2429
20.09,2430
20.09,2431
20.09,2432
20.09,2433
16.23,2434
16.23,2435
16.23,2436
16.23,2437
16.23,2438
16.23,2439
16.23,2440
16.23,2441
16.23,2442
16.23,2443
16.23,2444
16.23,2445
16.23,2446
16.23,2447
16.23,2448
16.23,2449
16.23,2450
16.23,2451
16.23,2452
16.23,2453
16.23,2454
16.23,2455
16.23,2456
16.23,2457
16.23,2458
16.23,2459
16.23,2460
16.23,2461
16.23,2462
16.23,2463
9.82,2464
9.82,2465
9.82,2466
9.82,2467
9.82,2468
9.82,2469
9.82,2470
9.82,2471
9.82,2472
9.82,2473
9.82,2474
9.82,2475
9.82,2476
9.82,2477
9.82,2478
9.82,2479
9.82,2480
9.82,2481
9.82,2482
9.82,2483
9.82,2484
9.82,2485
9.82,2486
9.82,2487
9.82,2488
9.82,2489
9.82,2490
9.82,2491
9.82,2492
9.82,2493
9.82,2494
4.21,2495
4.21,2496
4.21,2497
4.21,2498
4.21,2499
4.21,2500
4.21,2501
4.21,2502
4.21,2503
4.21,2504
4.21,2505
4.21,2506
4.21,2507
4.21,2508
4.21,2509
4.21,2510
4.21,2511
4.21,2512
4.21,2513
4.21,2514
4.21,2515
4.21,2516
4.21,2517
4.21,2518
4.21,2519
4.21,2520
4.21,2521
4.21,2522
4.21,2523
4.21,2524
-0,2525
-0,2526
-0,2527
-0,2528
-0,2529
-0,2530
-0,2531
-0,2532
-0,2533
-0,2534
-0,2535
-0,2536
-0,2537
-0,2538
-0,2539
-0,2540
-0,2541
-0,2542
-0,2543
-0,2544
-0,2545
-0,2546
-0,2547
-0,2548
-0,2549
-0,2550
-0,2551
-0,2552
-0,2553
-0,2554
-0,2555
-0,2556
-0,2557
-0,2558
-0,2559
-0,2560
-0,2561
-0,2562
-0,2563
-0,2564
-0,2565
-0,2566
-0,2567
-0,2568
-0,2569
-0,2570
-0,2571
-0,2572
-0,2573
-0,2574
-0,2575
-0,2576
-0,2577
-0,2578
-0,2579
-0,2580
-0,2581
-0,2582
-0,2583
-0,2584
-0,2585
-0,2586
-0,2587
-0,2588
-0,2589
-0,2590
-0,2591
-0,2592
-0,2593
-0,2594
-0,2595
-0,2596
-0,2597
-0,2598
-0,2599
-0,2600
-0,2601
-0,2602
-0,2603
-0,2604
-0,2605
-0,2606
-0,2607
-0,2608
-0,2609
-0,2610
-0,2611
-0,2612
-0,2613
-0,2614
0.26,2615
0.26,2616
0.26,2617
0.26,2618
0.26,2619
0.26,2620
0.26,2621
0.26,2622
0.26,2623
0.26,2624
0.26,2625
0.26,2626
0.26,2627
0.26,2628
0.26,2629
0.26,2630
0.26,2631
0.26,2632
0.26,2633
0.26,2634
0.26,2635
0.26,2636
0.26,2637
0.26,2638
0.26,2639
0.26,2640
0.26,2641
0.26,2642
0.26,2643
0.26,2644
0.26,2645
6.23,2646
6.23,2647
6.23,2648
6.23,2649
6.23,2650
6.23,2651
6.23,2652
6.23,2653
6.23,2654
6.23,2655
6.23,2656
6.23,2657
6.23,2658
6.23,2659
6.23,2660
6.23,2661
6.23,2662
6.23,2663
6.23,2664
6.23,2665
6.23,2666
6.23,2667
6.23,2668
6.23,2669
6.23,2670
6.23,2671
6.23,2672
6.23,2673
6.23,2674
6.23,2675
12.54,2676
12.54,2677
12.54,2678
12.54,2679
12.54,2680
12.54,2681
12.54,2682
12.54,2683
12.54,2684
12.54,2685
12.54,2686
12.54,2687
12.54,2688
12.54,2689
12.54,2690
12.54,2691
12.54,2692
12.54,2693
12.54,2694
12.54,2695
12.54,2696
12.54,2697
12.54,2698
12.54,2699
12.54,2700
12.54,2701
12.54,2702
12.54,2703
12.54,2704
12.54,2705
12.54,2706
17.72,2707
17.72,2708
17.72,2709
17.72,2710
17.72,2711
17.72,2712
17.72,2713
17.72,2714
17.72,2715
17.72,2716
17.72,2717
17.72,2718
17.72,2719
17.72,2720
17.72,2721
17.72,2722
17.72,2723
17.72,2724
17.72,2725
17.72,2726
17.72,2727
17.72,2728
17.72,2729
17.72,2730
17.72,2731
17.72,2732
17.72,2733
17.72,2734
17.72,2735
17.72,2736
20.79,2737
20.79,2738
20.79,2739
20.79,2740
20.79,2741
20.79,2742
20.79,2743
20.79,2744
20.79,2745
20.79,2746
20.79,2747
20.79,2748
20.79,2749
20.79,2750
20.79,2751
20.79,2752
20.79,2753
20.79,2754
20.79,2755
20.79,2756
20.79,2757
20.79,2758
20.79,2759
20.79,2760
20.79,2761
20.79,2762
20.79,2763
20.79,2764
20.79,2765
20.79,2766
20.79,2767
20.09,2768
20.09,2769
20.09,2770
20.09,2771
20.09,2772
20.09,2773
20.09,2774
20.09,2775
20.09,2776
20.09,2777
20.09,2778
20.09,2779
20.09,2780
20.09,2781
20.09,2782
20.09,2783
20.09,2784
20.09,2785
20.09,2786
20.09,2787
20.09,2788
20.09,2789
20.09,2790
20.09,2791
20.09,2792
20.09,2793
20.09,2794
20.09,2795
20.09,2796
20.09,2797
20.09,2798
16.23,2799
16.23,2800
16.23,2801
16.23,2802
16.23,2803
16.23,2804
16.23,2805
16.23,2806
16.23,2807
16.23,2808
16.23,2809
16.23,2810
16.23,2811
16.23,2812
16.23,2813
16.23,2814
16.23,2815
16.23,2816
16.23,2817
16.23,2818
16.23,2819
16.23,2820
16.23,2821
16.23,2822
16.23,2823
16.23,2824
16.23,2825
16.23,2826
16.23,2827
16.23,2828
9.82,2829
9.82,2830
9.82,2831
9.82,2832
9.82,2833
9.82,2834
9.82,2835
9.82,2836
9.82,2837
9.82,2838
9.82,2839
9.82,2840
9.82,2841
9.82,2842
9.82,2843
9.82,2844
9.82,2845
9.82,2846
9.82,2847
9.82,2848
9.82,2849
9.82,2850
9.82,2851
9.82,2852
9.82,2853
9.82,2854
9.82,2855
9.82,2856
9.82,2857
9.82,2858
9.82,2859
4.21,2860
4.21,2861
4.21,2862
4.21,2863
4.21,2864
4.21,2865
4.21,2866
4.21,2867
4.21,2868
4.21,2869
4.21,2870
4.21,2871
4.21,2872
4.21,2873
4.21,2874
4.21,2875
4.21,2876
4.21,2877
4.21,2878
4.21,2879
4.21,2880
4.21,2881
4.21,2882
4.21,2883
4.21,2884
4.21,2885
4.21,2886
4.21,2887
4.21,2888
4.21,2889
-0,2890
-0,2891
-0,2892
-0,2893
-0,2894
-0,2895
-0,2896
-0,2897
-0,2898
-0,2899
-0,2900
-0,2901
-0,2902
-0,2903
-0,2904
-0,2905
-0,2906
-0,2907
-0,2908
-0,2909
-0,2910
-0,2911
-0,2912
-0,2913
-0,2914
-0,2915
-0,2916
-0,2917
-0,2918
-0,2919
-0,2920
-0,2921
-0,2922
-0,2923
-0,2924
-0,2925
-0,2926
-0,2927
-0,2928
-0,2929
-0,2930
-0,2931
-0,2932
-0,2933
-0,2934
-0,2935
-0,2936
-0,2937
-0,2938
-0,2939
-0,2940
-0,2941
-0,2942
-0,2943
-0,2944
-0,2945
-0,2946
-0,2947
-0,2948
-0,2949
-0,2950
-0,2951
-0,2952
-0,2953
-0,2954
-0,2955
-0,2956
-0,2957
-0,2958
-0,2959
-0,2960
-0,2961
-0,2962
-0,2963
-0,2964
-0,2965
-0,2966
-0,2967
-0,2968
-0,2969
-0,2970
-0,2971
-0,2972
-0,2973
-0,2974
-0,2975
-0,2976
-0,2977
-0,2978
-0,2979
0.26,2980
0.26,2981
0.26,2982
0.26,2983
0.26,2984
0.26,2985
0.26,2986
0.26,2987
0.26,2988
0.26,2989
0.26,2990
0.26,2991
0.26,2992
0.26,2993
0.26,2994
0.26,2995
0.26,2996
0.26,2997
0.26,2998
0.26,2999
0.26,3000
0.26,3001
0.26,3002
0.26,3003
0.26,3004
0.26,3005
0.26,3006
0.26,3007
0.26,3008
0.26,3009
0.26,3010
6.23,3011
6.23,3012
6.23,3013
6.23,3014
6.23,3015
6.23,3016
6.23,3017
6.23,3018
6.23,3019
6.23,3020
6.23,3021
6.23,3022
6.23,3023
6.23,3024
6.23,3025
6.23,3026
6.23,3027
6.23,3028
6.23,3029
6.23,3030
6.23,3031
6.23,3032
6.23,3033
6.23,3034
6.23,3035
6.23,3036
6.23,3037
6.23,3038
6.23,3039
6.23,3040
12.54,3041
12.54,3042
12.54,3043
12.54,3044
12.54,3045
12.54,3046
12.54,3047
12.54,3048
12.54,3049
12.54,3050
12.54,3051
12.54,3052
12.54,3053
12.54,3054
12.54,3055
12.54,3056
12.54,3057
12.54,3058
12.54,3059
12.54,3060
12.54,3061
12.54,3062
12.54,3063
12.54,3064
12.54,3065
12.54,3066
12.54,3067
12.54,3068
12.54,3069
12.54,3070
12.54,3071
17.72,3072
17.72,3073
17.72,3074
17.72,3075
17.72,3076
17.72,3077
17.72,3078
17.72,3079
17.72,3080
17.72,3081
17.72,3082
17.72,3083
17.72,3084
17.72,3085
17.72,3086
17.72,3087
17.72,3088
17.72,3089
17.72,3090
17.72,3091
17.72,3092
17.72,3093
17.72,3094
17.72,3095
17.72,3096
17.72,3097
17.72,3098
17.72,3099
17.72,3100
17.72,3101
20.79,3102
20.79,3103
20.79,3104
20.79,3105
20.79,3106
20.79,3107
20.79,3108
20.79,3109
20.79,3110
20.79,3111
20.79,3112
20.79,3113
20.79,3114
20.79,3115
20.79,3116
20.79,3117
20.79,3118
20.79,3119
20.79,3120
20.79,3121
20.79,3122
20.79,3123
20.79,3124
20.79,3125
20.79,3126
20.79,3127
20.79,3128
20.79,3129
20.79,3130
20.79,3131
20.79,3132
20.09,3133
20.09,3134
20.09,3135
20.09,3136
20.09,3137
20.09,3138
20.09,3139
20.09,3140
20.09,3141
20.09,3142
20.09,3143
20.09,3144
20.09,3145
20.09,3146
20.09,3147
20.09,3148
20.09,3149
20.09,3150
20.09,3151
20.09,3152
20.09,3153
20.09,3154
20.09,3155
20.09,3156
20.09,3157
20.09,3158
20.09,3159
20.09,3160
20.09,3161
20.09,3162
20.09,3163
16.23,3164
16.23,3165
16.23,3166
16.23,3167
16.23,3168
16.23,3169
16.23,3170
16.23,3171
16.23,3172
16.23,3173
16.23,3174
16.23,3175
16.23,3176
16.23,3177
16.23,3178
16.23,3179
16.23,3180
16.23,3181
16.23,3182
16.23,3183
16.23,3184
16.23,3185
16.23,3186
16.23,3187
16.23,3188
16.23,3189
16.23,3190
16.23,3191
16.23,3192
16.23,3193
9.82,3194
9.82,3195
9.82,3196
9.82,3197
9.82,3198
9.82,3199
9.82,3200
9.82,3201
9.82,3202
9.82,3203
9.82,3204
9.82,3205
9.82,3206
9.82,3207
9.82,3208
9.82,3209
9.82,3210
9.82,3211
9.82,3212
9.82,3213
9.82,3214
9.82,3215
9.82,3216
9.82,3217
9.82,3218
9.82,3219
9.82,3220
9.82,3221
9.82,3222
9.82,3223
9.82,3224
4.21,3225
4.21,3226
4.21,3227
4.21,3228
4.21,3229
4.21,3230
4.21,3231
4.21,3232
4.21,3233
4.21,3234
4.21,3235
4.21,3236
4.21,3237
4.21,3238
4.21,3239
4.21,3240
4.21,3241
4.21,3242
4.21,3243
4.21,3244
4.21,3245
4.21,3246
4.21,3247
4.21,3248
4.21,3249
4.21,3250
4.21,3251
4.21,3252
4.21,3253
4.21,3254
-0,3255
-0,3256
-0,3257
-0,3258
-0,3259
-0,3260
-0,3261
-0,3262
-0,3263
-0,3264
-0,3265
-0,3266
-0,3267
-0,3268
-0,3269
-0,3270
-0,3271
-0,3272
-0,3273
-0,3274
-0,3275
-0,3276
-0,3277
-0,3278
-0,3279
-0,3280
-0,3281
-0,3282
-0,3283
-0,3284
-0,3285
-0,3286
-0,3287
-0,3288
-0,3289
-0,3290
-0,3291
-0,3292
-0,3293
-0,3294
-0,3295
-0,3296
-0,3297
-0,3298
-0,3299
-0,3300
-0,3301
-0,3302
-0,3303
-0,3304
-0,3305
-0,3306
-0,3307
-0,3308
-0,3309
-0,3310
-0,3311
-0,3312
-0,3313
-0,3314
-0,3315
-0,3316
-0,3317
-0,3318
-0,3319
-0,3320
-0,3321
-0,3322
-0,3323
-0,3324
-0,3325
-0,3326
-0,3327
-0,3328
-0,3329
-0,3330
-0,3331
-0,3332
-0,3333
-0,3334
-0,3335
-0,3336
-0,3337
-0,3338
-0,3339
-0,3340
-0,3341
-0,3342
-0,3343
-0,3344
0.26,3345
0.26,3346
0.26,3347
0.26,3348
0.26,3349
0.26,3350
0.26,3351
0.26,3352
0.26,3353
0.26,3354
0.26,3355
0.26,3356
0.26,3357
0.26,3358
0.26,3359
0.26,3360
0.26,3361
0.26,3362
0.26,3363
0.26,3364
0.26,3365
0.26,3366
0.26,3367
0.26,3368
0.26,3369
0.26,3370
0.26,3371
0.26,3372
0.26,3373
0.26,3374
0.26,3375
6.23,3376
6.23,3377
6.23,3378
6.23,3379
6.23,3380
6.23,3381
6.23,3382
6.23,3383
6.23,3384
6.23,3385
6.23,3386
6.23,3387
6.23,3388
6.23,3389
6.23,3390
6.23,3391
6.23,3392
6.23,3393
6.23,3394
6.23,3395
6.23,3396
6.23,3397
6.23,3398
6.23,3399
6.23,3400
6.23,3401
6.23,3402
6.23,3403
6.23,3404
6.23,3405
12.54,3406
12.54,3407
12.54,3408
12.54,3409
12.54,3410
12.54,3411
12.54,3412
12.54,3413
12.54,3414
12.54,3415
12.54,3416
12.54,3417
12.54,3418
12.54,3419
12.54,3420
12.54,3421
12.54,3422
12.54,3423
12.54,3424
12.54,3425
12.54,3426
12.54,3427
12.54,3428
12.54,3429
12.54,3430
12.54,3431
12.54,3432
12.54,3433
12.54,3434
12.54,3435
12.54,3436
17.72,3437
17.72,3438
17.72,3439
17.72,3440
17.72,3441
17.72,3442
17.72,3443
17.72,3444
17.72,3445
17.72,3446
17.72,3447
17.72,3448
17.72,3449
17.72,3450
17.72,3451
17.72,3452
17.72,3453
17.72,3454
17.72,3455
17.72,3456
17.72,3457
17.72,3458
17.72,3459
17.72,3460
17.72,3461
17.72,3462
17.72,3463
17.72,3464
17.72,3465
17.72,3466
20.79,3467
20.79,3468
20.79,3469
20.79,3470
20.79,3471
20.79,3472
20.79,3473
20.79,3474
20.79,3475
20.79,3476
20.79,3477
20.79,3478
20.79,3479
20.79,3480
20.79,3481
20.79,3482
20.79,3483
20.79,3484
20.79,3485
20.79,3486
20.79,3487
20.79,3488
20.79,3489
20.79,3490
20.79,3491
20.79,3492
20.79,3493
20.79,3494
20.79,3495
20.79,3496
20.79,3497
20.09,3498
20.09,3499
20.09,3500
20.09,3501
20.09,3502
20.09,3503
20.09,3504
20.09,3505
20.09,3506
20.09,3507
20.09,3508
20.09,3509
20.09,3510
20.09,3511
20.09,3512
20.09,3513
20.09,3514
20.09,3515
20.09,3516
20.09,3517
20.09,3518
20.09,3519
20.09,3520
20.09,3521
20.09,3522
20.09,3523
20.09,3524
20.09,3525
20.09,3526
20.09,3527
20.09,3528
16.23,3529
16.23,3530
16.23,3531
16.23,3532
16.23,3533
16.23,3534
16.23,3535
16.23,3536
16.23,3537
16.23,3538
16.23,3539
16.23,3540
16.23,3541
16.23,3542
16.23,3543
16.23,3544
16.23,3545
16.23,3546
16.23,3547
16.23,3548
16.23,3549
16.23,3550
16.23,3551
16.23,3552
16.23,3553
16.23,3554
16.23,3555
16.23,3556
16.23,3557
16.23,3558
9.82,3559
9.82,3560
9.82,3561
9.82,3562
9.82,3563
9.82,3564
9.82,3565
9.82,3566
9.82,3567
9.82,3568
9.82,3569
9.82,3570
9.82,3571
9.82,3572
9.82,3573
9.82,3574
9.82,3575
9.82,3576
9.82,3577
9.82,3578
9.82,3579
9.82,3580
9.82,3581
9.82,3582
9.82,3583
9.82,3584
9.82,3585
9.82,3586
9.82,3587
9.82,3588
9.82,3589
4.21,3590
4.21,3591
4.21,3592
4.21,3593
4.21,3594
4.21,3595
4.21,3596
4.21,3597
4.21,3598
4.21,3599
4.21,3600
4.21,3601
4.21,3602
4.21,3603
4.21,3604
4.21,3605
4.21,3606
4.21,3607
4.21,3608
4.21,3609
4.21,3610
4.21,3611
4.21,3612
4.21,3613
4.21,3614
4.21,3615
4.21,3616
4.21,3617
4.21,3618
4.21,3619
-0,3620
-0,3621
-0,3622
-0,3623
-0,3624
-0,3625
-0,3626
-0,3627
-0,3628
-0,3629
-0,3630
-0,3631
-0,3632
-0,3633
-0,3634
-0,3635
-0,3636
-0,3637
-0,3638
-0,3639
-0,3640
-0,3641
-0,3642
-0,3643
-0,3644
-0,3645
-0,3646
-0,3647
-0,3648
-0,3649
-0,3650
-0,3651
-0,3652
-0,3653
-0,3654
-0,3655
-0,3656
-0,3657
-0,3658
-0,3659
-0,3660
-0,3661
-0,3662
-0,3663
-0,3664
-0,3665
-0,3666
-0,3667
-0,3668
-0,3669
-0,3670
-0,3671
-0,3672
-0,3673
-0,3674
-0,3675
-0,3676
-0,3677
-0,3678
-0,3679
-0,3680
-0,3681
-0,3682
-0,3683
-0,3684
-0,3685
-0,3686
-0,3687
-0,3688
-0,3689
-0,3690
-0,3691
-0,3692
-0,3693
-0,3694
-0,3695
-0,3696
-0,3697
-0,3698
-0,3699
-0,3700
-0,3701
-0,3702
-0,3703
-0,3704
-0,3705
-0,3706
-0,3707
-0,3708
-0,3709
0.26,3710
0.26,3711
0.26,3712
0.26,3713
0.26,3714
0.26,3715
0.26,3716
0.26,3717
0.26,3718
0.26,3719
0.26,3720
0.26,3721
0.26,3722
0.26,3723
0.26,3724
0.26,3725
0.26,3726
0.26,3727
0.26,3728
0.26,3729
0.26,3730
0.26,3731
0.26,3732
0.26,3733
0.26,3734
0.26,3735
0.26,3736
0.26,3737
0.26,3738
0.26,3739
0.26,3740
6.23,3741
6.23,3742
6.23,3743
6.23,3744
6.23,3745
6.23,3746
6.23,3747
6.23,3748
6.23,3749
6.23,3750
6.23,3751
6.23,3752
6.23,3753
6.23,3754
6.23,3755
6.23,3756
6.23,3757
6.23,3758
6.23,3759
6.23,3760
6.23,3761
6.23,3762
6.23,3763
6.23,3764
6.23,3765
6.23,3766
6.23,3767
6.23,3768
6.23,3769
6.23,3770
12.54,3771
12.54,3772
12.54,3773
12.54,3774
12.54,3775
12.54,3776
12.54,3777
12.54,3778
12.54,3779
12.54,3780
12.54,3781
12.54,3782
12.54,3783
12.54,3784
12.54,3785
12.54,3786
12.54,3787
12.54,3788
12.54,3789
12.54,3790
12.54,3791
12.54,3792
12.54,3793
12.54,3794
12.54,3795
12.54,3796
12.54,3797
12.54,3798
12.54,3799
12.54,3800
12.54,3801
17.72,3802
17.72,3803
17.72,3804
17.72,3805
17.72,3806
17.72,3807
17.72,3808
17.72,3809
17.72,3810
17.72,3811
17.72,3812
17.72,3813
17.72,3814
17.72,3815
17.72,3816
17.72,3817
17.72,3818
17.72,3819
17.72,3820
17.72,3821
17.72,3822
17.72,3823
17.72,3824
17.72,3825
17.72,3826
17.72,3827
17.72,3828
17.72,3829
17.72,3830
17.72,3831
20.79,3832
20.79,3833
20.79,3834
20.79,3835
20.79,3836
20.79,3837
20.79,3838
20.79,3839
20.79,3840
20.79,3841
20.79,3842
20.79,3843
20.79,3844
20.79,3845
20.79,3846
20.79,3847
20.79,3848
20.79,3849
20.79,3850
20.79,3851
20.79,3852
20.79,3853
20.79,3854
20.79,3855
20.79,3856
20.79,3857
20.79,3858
20.79,3859
20.79,3860
20.79,3861
20.79,3862
20.09,3863
20.09,3864
20.09,3865
20.09,3866
20.09,3867
20.09,3868
20.09,3869
20.09,3870
20.09,3871
20.09,3872
20.09,3873
20.09,3874
20.09,3875
20.09,3876
20.09,3877
20.09,3878
20.09,3879
20.09,3880
20.09,3881
20.09,3882
20.09,3883
20.09,3884
20.09,3885
20.09,3886
20.09,3887
20.09,3888
20.09,3889
20.09,3890
20.09,3891
20.09,3892
20.09,3893
16.23,3894
16.23,3895
16.23,3896
16.23,3897
16.23,3898
16.23,3899
16.23,3900
16.23,3901
16.23,3902
16.23,3903
16.23,3904
16.23,3905
16.23,3906
16.23,3907
16.23,3908
16.23,3909
16.23,3910
16.23,3911
16.23,3912
16.23,3913
16.23,3914
16.23,3915
16.23,3916
16.23,3917
16.23,3918
16.23,3919
16.23,3920
16.23,3921
16.23,3922
16.23,3923
9.82,3924
9.82,3925
9.82,3926
9.82,3927
9.82,3928
9.82,3929
9.82,3930
9.82,3931
9.82,3932
9.82,3933
9.82,3934
9.82,3935
9.82,3936
9.82,3937
9.82,3938
9.82,3939
9.82,3940
9.82,3941
9.82,3942
9.82,3943
9.82,3944
9.82,3945
9.82,3946
9.82,3947
9.82,3948
9.82,3949
9.82,3950
9.82,3951
9.82,3952
9.82,3953
9.82,3954
4.21,3955
4.21,3956
4.21,3957
4.21,3958
4.21,3959
4.21,3960
4.21,3961
4.21,3962
4.21,3963
4.21,3964
4.21,3965
4.21,3966
4.21,3967
4.21,3968
4.21,3969
4.21,3970
4.21,3971
4.21,3972
4.21,3973
4.21,3974
4.21,3975
4.21,3976
4.21,3977
4.21,3978
4.21,3979
4.21,3980
4.21,3981
4.21,3982
4.21,3983
4.21,3984
-0,3985
-0,3986
-0,3987
-0,3988
-0,3989
-0,3990
-0,3991
-0,3992
-0,3993
-0,3994
-0,3995
-0,3996
-0,3997
-0,3998
-0,3999
-0,4000
-0,4001
-0,4002
-0,4003
-0,4004
-0,4005
-0,4006
-0,4007
-0,4008
-0,4009
-0,4010
-0,4011
-0,4012
-0,4013
-0,4014
-0,4015
